cz_chapter	cz_section	enTitle	cz_pages	cz_page_count	cz_nodes	leh_sections	leh_page_count	depth_ratio	leh_pages_A	leh_pages_B	auto_top	auto_agrees	auto_margin	leh_titles	node_ids	czTitle
1	1.1	What is biochemistry?	8-9	2	1	1.1	8	4.0	1.1:2-9	1.1:104-127	6.1	False	1.2	1.1 Cellular Foundations	1-1	Co je biochemie?
1	1.2	Living and non-living	10-11	2	1	1.1	8	4.0	1.1:2-9	1.1:104-127	4.5	False	1.22	1.1 Cellular Foundations	1-2	Živé a neživé
1	1.3	Building blocks of living matter: from molecule to cell	11-16	6	1	1.1,1.2	17	2.8	1.1:2-9; 1.2:10-18	1.1:104-127; 1.2:128-153	1.1	True	1.91	1.1 Cellular Foundations | 1.2 Chemical Foundations	1-3	Stavební kameny živé hmoty: od molekuly k buňce
1	1.4	Nutrition and metabolism	16-17	2	1	1.3,13.1	16	8.0	1.3:18-27; 13.1:466-471	1.3:154-188; 13.1:1705-1727	18.3	False	1.29	1.3 Physical Foundations | 13.1 Bioenergetics and Thermodynamics	1-4	Výživa a metabolismus
1	1.5	Energy and life	17-18	2	1	1.3,13.1	16	8.0	1.3:18-27; 13.1:466-471	1.3:154-188; 13.1:1705-1727	1.3	True	1.42	1.3 Physical Foundations | 13.1 Bioenergetics and Thermodynamics	1-5	Energie a život
1	1.6	Origin and evolution of life	18-20	3	1	1.5	7	2.3	1.5:30-36	1.5:200-224	26.4	False	2.14	1.5 Evolutionary Foundations	1-6	Vznik a vývoj života
2	2.1.1	Structure and occurrence of amino acids	21-23	3	1	3.1	9	3.0	3.1:71-79	3.1:361-379	3.1	True	3.62	3.1 Amino Acids	2-1-1	Struktura aminokyselin a výskyt
2	2.1.2	Physico-chemical properties of amino acids	23-24	2	1	3.1,2.2	14	7.0	3.1:71-79; 2.2:54-58	3.1:361-379; 2.2:289-312	3.3	False	1.02	3.1 Amino Acids | 2.2 Ionization of Water, Weak Acids, and Weak Bases	2-1-2	Fyzikálně chemické vlastnosti aminokyselin
2	2.1.3	Chemical reactions of amino acids	24-25	2	1	3.1	9	4.5	3.1:71-79	3.1:361-379	3.1	True	1.0	3.1 Amino Acids	2-1-3	Chemické reakce aminokyselin
2	2.1.4	Formation of the peptide bond	26	1	1	3.2	5	5.0	3.2:79-83	3.2:380-392	4.1	False	1.47	3.2 Peptides and Proteins	2-1-4	Tvorba peptidové vazby
2	2.2.1	Amino acid sequence (primary structure)	26-27	2	1	3.4	10	5.0	3.4:91-100	3.4:416-450	3.4	True	2.22	3.4 The Structure of Proteins: Primary Structure	2-2-1	Sekvence aminokyselin (primární struktura)
2	2.2.2	Principles of conformation	27-33	7	1	4.1,4.2	9	1.3	4.1:108-110; 4.2:111-116	4.1:479-492; 4.2:493-514	4.1	True	1.07	4.1 Overview of Protein Structure | 4.2 Protein Secondary Structure	2-2-2	Principy konformace
2	2.2.3	Conformation of proteins — the levels of structure	33-34	2	1	4.3	14	7.0	4.3:116-129	4.3:515-553	4.3	True	1.41	4.3 Protein Tertiary and Quaternary Structures	2-2-3	Konformace proteinů
2	2.2.4	Types of construction of the protein molecule	34-35	2	1	4.3	14	7.0	4.3:116-129	4.3:515-553	4.3	True	1.81	4.3 Protein Tertiary and Quaternary Structures	2-2-4	Typy stavby proteinové molekuly
2	2.2.5	Simple and conjugated proteins	36-37	2	1	3.2,4.3	19	9.5	3.2:79-83; 4.3:116-129	3.2:380-392; 4.3:515-553	3.2	True	1.48	3.2 Peptides and Proteins | 4.3 Protein Tertiary and Quaternary Structures	2-2-5	Jednoduché a složené proteiny
2	2.2.6	Properties of proteins	37-40	4	1	3.3,4.4	16	4.0	3.3:83-90; 4.4:129-136	3.3:393-415; 4.4:554-580	3.2	False	1.0	3.3 Working with Proteins | 4.4 Protein Denaturation and Folding	2-2-6	Vlastnosti proteinů
3	3.1	Classification and nomenclature of enzymes	41-42	2	1	6.1	3	1.5	6.1:177-179	6.1:730-736	6.1	True	1.65	6.1 An Introduction to Enzymes	3-1	Klasifikace a názvosloví enzymů
3	3.2	Structure of the enzyme molecule; Coenzymes	42-54	13	1	6.1,6.2,13.4	22	1.7	6.1:177-179; 6.2:179-188; 13.4:488-496	6.1:730-736; 6.2:737-770; 13.4:1788-1820	16.1	False	1.31	6.1 An Introduction to Enzymes | 6.2 How Enzymes Work | 13.4 Biological Oxidation-Reduction Reactions	3-2	Struktura molekuly enzymu; Koenzymy
3	3.3.1	Enzyme reaction kinetics; the Michaelis–Menten equation	54-57	4	1	6.3	16	4.0	6.3:188-203	6.3:771-822	6.2	False	1.28	6.3 Enzyme Kinetics as an Approach to Understanding Mechanism	3-3-1	Kinetika enzymové reakce; Rovnice Michaelise a Mentenové
3	3.3.2	Two-substrate reactions	57-58	2	1	6.3	16	8.0	6.3:188-203	6.3:771-822	6.3	True	2.06	6.3 Enzyme Kinetics as an Approach to Understanding Mechanism	3-3-2	Dvousubstrátové reakce
3	3.3.3	Measurement of enzyme activity	58	1	1	6.3	16	16.0	6.3:188-203	6.3:771-822	16.2	False	1.22	6.3 Enzyme Kinetics as an Approach to Understanding Mechanism	3-3-3	Měření enzymové aktivity
3	3.4	Influence of pH and temperature on enzyme reactions	58-59	2	1	6.3	16	8.0	6.3:188-203	6.3:771-822	6.3	True	3.33	6.3 Enzyme Kinetics as an Approach to Understanding Mechanism	3-4	Vliv pH a teploty na enzymové reakce
3	3.5	Inhibition of enzyme reactions	59-61	3	1	6.3	16	5.3	6.3:188-203	6.3:771-822	6.3	True	1.79	6.3 Enzyme Kinetics as an Approach to Understanding Mechanism	3-5	Inhibice enzymových reakcí
3	3.6	Mechanism of enzyme action	61-62	2	1	6.2,6.4	21	10.5	6.2:179-188; 6.4:203-213	6.2:737-770; 6.4:823-852	6.2	True	1.19	6.2 How Enzymes Work | 6.4 Examples of Enzymatic Reactions	3-6	Mechanismus působení enzymů
3	3.7	Regulatory enzymes; allosteric enzymes	62-65	4	1	6.5	11	2.8	6.5:213-223	6.5:853-886	6.5	True	6.51	6.5 Regulatory Enzymes	3-7	Regulační enzymy; Alosterické enzymy
4	4.1	Nucleic acids are the basic molecules of heredity	66-67	2	1	8.1,1.4	10	5.0	8.1:263-269; 1.4:28-30	8.1:1028-1046; 1.4:189-199	8.1	True	1.42	8.1 Some Basic Definitions and Conventions | 1.4 Genetic Foundations	4-1	Nukleové kyseliny jsou základní molekuly dědičnosti
4	4.1.1.1	Biosynthesis of nucleotides; biosynthesis of purine nucleotides	67-70	4	1	22.4	14	3.5	22.4:824-837	22.4:2884-2927	22.4	True	2.22	22.4 Biosynthesis and Degradation of Nucleotides	4-1-1-1	Biosyntéza nukleotidů; Biosyntéza purinových nukleotidů
4	4.1.1.2	Biosynthesis of pyrimidine nucleotides	70-72	3	1	22.4	14	4.7	22.4:824-837	22.4:2884-2927	22.4	True	2.22	22.4 Biosynthesis and Degradation of Nucleotides	4-1-1-2	Biosyntéza pyrimidinových nukleotidů
4	4.1.2	Structure of nucleic acids	72-75	4	1	8.1,8.2	17	4.2	8.1:263-269; 8.2:269-278	8.1:1028-1046; 8.2:1047-1077	8.2	True	1.35	8.1 Some Basic Definitions and Conventions | 8.2 Nucleic Acid Structure	4-1-2	Struktura nukleových kyselin
4	4.1.3	DNA structure and biosynthesis explain the principle of heredity — 1) DNA polymerases	76-84	9	2	25.1,24.1	23	2.6	25.1:914-930; 24.1:885-890	25.1:3200-3250; 24.1:3098-3114	25.1	True	1.92	25.1 DNA Replication | 24.1 Chromosomal Elements	4-1-3-1,4-1-3-2	Struktura a biosyntéza DNA vysvětluje princip dědičnosti — 1) DNA-polymerasy
4	4.1.4	DNA is transcribed into RNA — types and properties of RNA	85-91	7	2	26.1,26.2	29	4.1	26.1:961-972; 26.2:972-988	26.1:3346-3381; 26.2:3382-3428	26.2	True	1.06	26.1 DNA-Dependent Synthesis of RNA | 26.2 RNA Processing	4-1-4-1,4-1-4-2	DNA je přepisována do RNA — druhy a vlastnosti RNA
4	4.1.5	Degradation of nucleic acids	91-92	2	1	22.4,8.3	30	15.0	22.4:824-837; 8.3:278-293	22.4:2884-2927; 8.3:1078-1122	9.1	False	1.06	22.4 Biosynthesis and Degradation of Nucleotides | 8.3 Nucleic Acid Chemistry	4-1-5	Odbourávání nukleových kyselin
4	4.2.1	The gene sequence determines the order of amino acids in proteins	92-94	3	1	27.1	10	3.3	27.1:1006-1015	27.1:3491-3519	28.3	False	1.18	27.1 The Genetic Code	4-2-1	Sekvence genu určuje pořadí aminokyselin v proteinech
4	4.2.2	Protein synthesis takes place in ribosomes	94-95	2	1	27.2	26	13.0	27.2:1015-1040	27.2:3520-3593	27.2	True	4.03	27.2 Protein Synthesis	4-2-2	Proteosyntéza probíhá v ribosomech
4	4.2.3	Phases of protein synthesis (I): amino acid activation, initiation and elongation	95-102	8	2	27.2	26	3.2	27.2:1015-1040	27.2:3520-3593	27.2	True	6.16	27.2 Protein Synthesis	4-2-3-1,4-2-3-2	Fáze proteosyntézy (I): aktivace aminokyselin, iniciace a elongace
4	4.2.4	Regulation of protein synthesis (I): the lactose and tryptophan operons	102-108	7	2	28.1,28.2	21	3.0	28.1:1055-1065; 28.2:1065-1074	28.1:3643-3677; 28.2:3678-3709	28.1	True	1.12	28.1 The Proteins and RNAs of Gene Regulation | 28.2 Regulation of Gene Expression in Bacteria	4-2-4-1,4-2-4-2	Regulace proteosyntézy (I): operon laktosy a tryptofanu
4	4.3.1	Non-covalent interactions and folding of the polypeptide chain into its biologically active form	108-110	3	1	4.4	8	2.7	4.4:129-136	4.4:554-580	27.2	False	2.44	4.4 Protein Denaturation and Folding	4-3-1	Nekovalentní interakce a uspořádání peptidového řetězce do biologicky aktivní formy
4	4.3.2	Post-translational modification of the polypeptide chain and transport of proteins across the membrane	110-111	2	1	27.3	11	5.5	27.3:1040-1050	27.3:3594-3620	27.3	True	5.07	27.3 Protein Targeting and Degradation	4-3-2	Posttranslační modifikace polypeptidového řetězce a přenos proteinů přes membránu
4	4.3.3	Covalent modification of amino acid side chains	111-114	4	1	27.3,6.5	22	5.5	27.3:1040-1050; 6.5:213-223	27.3:3594-3620; 6.5:853-886	22.3	False	2.12	27.3 Protein Targeting and Degradation | 6.5 Regulatory Enzymes	4-3-3	Kovalentní modifikace bočních řetězců aminokyselin
5	5.1	Proteolytic cleavage of proteins	115-118	4	1	27.3,18.1	19	4.8	27.3:1040-1050; 18.1:627-634	27.3:3594-3620; 18.1:2266-2289	18.1	True	1.22	27.3 Protein Targeting and Degradation | 18.1 Metabolic Fates of Amino Groups	5-1	Proteolytické štěpení bílkovin
5	5.2	Degradation of amino acids	118	1	1	18.1	8	8.0	18.1:627-634	18.1:2266-2289	18.3	False	1.72	18.1 Metabolic Fates of Amino Groups	5-2	Odbourávání aminokyselin
5	5.2.1	Metabolic reactions at the amino acid α-carbon — deamination mechanisms	118-122	5	2	18.1	8	1.6	18.1:627-634	18.1:2266-2289	18.1	True	1.62	18.1 Metabolic Fates of Amino Groups	5-2-1-1,5-2-1-2	Metabolické reakce na α-uhlíkovém atomu aminokyselin — deaminace
5	5.2.2	Ammonia detoxification, the urea (ornithine) cycle — sources and elimination of ammonia	123-125	3	2	18.2	7	2.3	18.2:634-640	18.2:2290-2308	18.2	True	1.5	18.2 Nitrogen Excretion and the Urea Cycle	5-2-2-1,5-2-2-2	Detoxikace amoniaku, močovinový (ornithinový) cyklus — zdroje a eliminace amoniaku
5	5.2.3	Degradation of the carbon skeleton and mutual interconversion of amino acids — glucogenic/ketogenic classification; 1) Conversion to acetyl-CoA via pyruvate (C3 family)	125-129	5	4	18.3	15	3.0	18.3:640-654	18.3:2309-2344	18.3	True	2.07	18.3 Pathways of Amino Acid Degradation	5-2-3-1,5-2-3-2,5-2-3-3,5-2-3-4	Odbourávání uhlíkové kostry a vzájemné přeměny aminokyselin — glukogenní/ketogenní klasifikace; 1) Přeměna na acetylkoenzym A přes pyruvát (C3-rodina)
6	6.1	Principles of bioenergetics	130	1	1	13.1	6	6.0	13.1:466-471	13.1:1705-1727	13.1	True	2.42	13.1 Bioenergetics and Thermodynamics	6-1	Principy bioenergetiky
6	6.1.1	Exergonic and endergonic reactions	131	1	1	13.1	6	6.0	13.1:466-471	13.1:1705-1727	14.5	False	1.15	13.1 Bioenergetics and Thermodynamics	6-1-1	Reakce exergonické a endergonické
6	6.1.2	High-energy (macroergic) compounds — the concept, anhydrides and phosphoamides	131-133	3	2	13.3	11	3.7	13.3:478-488	13.3:1754-1787	13.3	True	1.61	13.3 Phosphoryl Group Transfers and ATP	6-1-2-1,6-1-2-2	Makroergické sloučeniny — pojem, anhydridy a fosfamidy
6	6.1.3	Catabolic and anabolic processes	133-134	2	1	13.2,13.5	14	7.0	13.2:472-478; 13.5:497-503	13.2:1728-1753; 13.5:1821-1837	16.3	False	1.29	13.2 Chemical Logic and Common Biochemical Reactions | 13.5 Regulation of Metabolic Pathways	6-1-3	Katabolické a anabolické děje
6	6.2.1	Oxidation-reduction processes	134-135	2	1	13.4	9	4.5	13.4:488-496	13.4:1788-1820	13.4	True	2.49	13.4 Biological Oxidation-Reduction Reactions	6-2-1-1	Oxidačně redukční pochody
6	6.2.2	The citrate cycle — introduction, cycle overview, and citrate synthase	136-140	5	4	16.1,16.2,16.4	20	4.0	16.1:575-578; 16.2:578-589; 16.4:593-596	16.1:2091-2102; 16.2:2103-2133; 16.4:2143-2156	16.2	True	1.49	16.1 Production of Acetyl-CoA (Activated Acetate) | 16.2 Reactions of the Citric Acid Cycle | 16.4 Regulation of the Citric Acid Cycle	6-2-2-1,6-2-2-2,6-2-2-3,6-2-2-4	Citrátový cyklus — úvod, přehled cyklu, citrátsynthasa
6	6.2.3	The glyoxylate cycle	140-141	2	1	20.6	8	4.0	20.6:732-739	20.6:2603-2626	20.6	True	3.81	20.6 Biosynthesis of Starch, Sucrose, and Cellulose	6-2-3	Glyoxylátový cyklus
6	6.2.4	The respiratory chain and aerobic phosphorylation — introduction and Complex I	141-146	6	5	19.1,19.2,19.3	31	5.2	19.1:660-674; 19.2:675-686; 19.3:686-689	19.1:2368-2407; 19.2:2408-2447; 19.3:2448-2457	19.1	True	3.15	19.1 The Mitochondrial Respiratory Chain | 19.2 ATP Synthesis | 19.3 Regulation of Oxidative Phosphorylation	6-2-4-1,6-2-4-2,6-2-4-3,6-2-4-4,6-2-4-5	Respirační řetězec a aerobní fosforylace — úvod a komplex I
6	6.3	Porphyrin proteins — structure and biological versatility (Table 6.4)	146-147	2	3	22.3,5.1	26	13.0	22.3:816-824; 5.1:148-164	22.3:2863-2883; 5.1:619-680	22.3	True	1.89	22.3 Molecules Derived from Amino Acids | 5.1 Reversible Binding of a Protein to a Ligand: Oxygen-Binding Proteins	6-3-1,6-3-2,6-3-3	Porfyrinové proteiny — struktura a mnohostrannost (Tab. 6.4)
7	7.1	Monosaccharides	148	1	1	7.1	12	12.0	7.1:230-241	7.1:913-951	7.2	False	1.11	7.1 Monosaccharides and Disaccharides	7-1	Monosacharidy
7	7.1.1	Aldoses, ketoses	148	1	1	7.1	12	12.0	7.1:230-241	7.1:913-951	7.1	True	1.79	7.1 Monosaccharides and Disaccharides	7-1-1	Aldosy, ketosy
7	7.1.2	Deriving aldoses and ketoses — the aldose family tree (Obr. 7.1)	148-150	3	2	7.1	12	4.0	7.1:230-241	7.1:913-951	7.1	True	7.9	7.1 Monosaccharides and Disaccharides	7-1-2-1,7-1-2-2	Odvozování aldos a ketos — odvození řady aldos (obr. 7.1)
7	7.1.3	Hemiacetal/hemiketal forms — formation, anomers, Haworth formulas	149-152	4	2	7.1	12	3.0	7.1:230-241	7.1:913-951	7.1	True	8.97	7.1 Monosaccharides and Disaccharides	7-1-3-1,7-1-3-2	Poloacetálové formy — vznik, anomery, Haworthovy vzorce
7	7.1.4	Mutarotation	151	1	1	7.1	12	12.0	7.1:230-241	7.1:913-951	7.1	True		7.1 Monosaccharides and Disaccharides	7-1-4	Mutarotace
7	7.2.1	Sugar esters	152	1	1	7.1	12	12.0	7.1:230-241	7.1:913-951	7.4	False	1.17	7.1 Monosaccharides and Disaccharides	7-2-1	Cukerné estery
7	7.2.2	Sugar acids	152-153	2	1	7.1	12	6.0	7.1:230-241	7.1:913-951	7.2	False	1.22	7.1 Monosaccharides and Disaccharides	7-2-2	Cukerné kyseliny
7	7.2.3	Sugar alcohols	153	1	1	7.1	12	12.0	7.1:230-241	7.1:913-951	12.2	False	1.02	7.1 Monosaccharides and Disaccharides	7-2-3	Cukerné alkoholy
7	7.2.4	Amino sugars	153	1	1	7.1	12	12.0	7.1:230-241	7.1:913-951	7.1	True	1.47	7.1 Monosaccharides and Disaccharides	7-2-4	Aminocukry
7	7.2.5	Deoxy sugars	153	1	1	7.1	12	12.0	7.1:230-241	7.1:913-951	7.1	True		7.1 Monosaccharides and Disaccharides	7-2-5	Deoxycukry
7	7.2.6	Glycosides	153-154	2	1	7.1	12	6.0	7.1:230-241	7.1:913-951	7.1	True		7.1 Monosaccharides and Disaccharides	7-2-6	Glykosidy
7	7.3	Oligosaccharides — definitions and non-reducing oligosaccharides	154-155	2	2	7.1	12	6.0	7.1:230-241	7.1:913-951	7.1	True	1.09	7.1 Monosaccharides and Disaccharides	7-3-1,7-3-2	Oligosacharidy — definice a neredukující oligosacharidy
7	7.4	Polysaccharides	155	1	1	7.2	6	6.0	7.2:241-246	7.2:952-968	7.2	True	8.58	7.2 Polysaccharides	7-4	Polysacharidy
7	7.4.1	Homopolysaccharides -- A. Storage polysaccharides (starch, glycogen, dextrans, inulin, mannans)	156-157	2	2	7.2	6	3.0	7.2:241-246	7.2:952-968	7.2	True	2.89	7.2 Polysaccharides	7-4-1-1,7-4-1-2	Homopolysacharidy -- A. Zásobní polysacharidy (škrob, glykogen, dextrany, inulin, mannany)
7	7.4.2	Heteropolysaccharides (glycosaminoglycans, hyaluronic acid, chondroitin sulfates, heparin)	157-158	2	1	7.2,7.3	13	6.5	7.2:241-246; 7.3:247-253	7.2:952-968; 7.3:969-992	7.2	True	1.24	7.2 Polysaccharides | 7.3 Glycoconjugates: Proteoglycans, Glycoproteins, and Glycolipids	7-4-2	Heteropolysacharidy (glykosaminglykany, kyselina hyaluronová, chondroitinsulfáty, heparin)
7	7.5	Oligosaccharides bound to proteins	158-160	3	1	7.3,7.4	12	4.0	7.3:247-253; 7.4:254-258	7.3:969-992; 7.4:993-1006	7.1	False	1.22	7.3 Glycoconjugates: Proteoglycans, Glycoproteins, and Glycolipids | 7.4 Carbohydrates as Informational Molecules: The Sugar Code	7-5	Oligosacharidy vázané na proteiny
7	7.6	Sugar interconversions — introduction (three reaction types)	159	1	1	14.2	4	4.0	14.2:522-525	14.2:1907-1919	16.2	False	1.22	14.2 Feeder Pathways for Glycolysis	7-6	Vzájemné přeměny cukrů — úvod (tři typy reakcí)
7	7.6.1	Epimerization and isomerization	160	1	1	14.2	4	4.0	14.2:522-525	14.2:1907-1919	14.2	True	1.66	14.2 Feeder Pathways for Glycolysis	7-6-1	Epimerace a izomerace
7	7.6.2	Oxidation and decarboxylation of glucose	160-161	2	1	14.6	6	3.0	14.6:546-551	14.6:1988-2005	7.1	False	1.22	14.6 Pentose Phosphate Pathway of Glucose Oxidation	7-6-2	Oxidace a dekarboxylace glukosy
7	7.6.3	Transfer of three-carbon or two-carbon fragments	161	1	1	14.6	6	6.0	14.6:546-551	14.6:1988-2005	20.4	False	1.46	14.6 Pentose Phosphate Pathway of Glucose Oxidation	7-6-3	Přenos tříuhlíkových nebo dvouuhlíkových štěpů
7	7.7	Two routes to pentose phosphates — the oxidative pentose phosphate pathway	162-163	2	2	14.6	6	3.0	14.6:546-551	14.6:1988-2005	14.6	True	5.28	14.6 Pentose Phosphate Pathway of Glucose Oxidation	7-7-1,7-7-2	Dvě cesty k pentosafosfátům — oxidační pentosafosfátová cesta
7	7.8	Glycolysis — introduction and the preparatory phase (glucose to fructose-1,6-bisphosphate and its cleavage to trioses)	164-167	4	3	14.1	11	2.8	14.1:511-521	14.1:1871-1906	14.1	True	1.29	14.1 Glycolysis	7-8-1,7-8-2,7-8-3	Glykolýza — úvod a přípravná fáze (glukosa až fruktosa-1,6-bisfosfát a jeho štěpení na triosy)
7	7.8.1	Formation of ethanol, lactate, or acetyl-CoA — ethanol and lactate	167-169	3	2	14.3	8	2.7	14.3:525-532	14.3:1920-1945	16.1	False	1.05	14.3 Fates of Pyruvate	7-8-4,7-8-5	Tvorba ethanolu, laktátu nebo acetyl-CoA — ethanol a laktát
7	7.9	Gluconeogenesis, glucose resynthesis — bypassing glycolysis's irreversible steps	169-170	2	1	14.4	6	3.0	14.4:533-538	14.4:1946-1961	14.4	True	1.17	14.4 Gluconeogenesis	7-9	Glukoneogeneze, resyntéza glukosy — obchvat ireverzibilních kroků glykolýzy
7	7.9.1	Gluconeogenesis from amino acids	170	1	1	14.4,18.3	21	21.0	14.4:533-538; 18.3:640-654	14.4:1946-1961; 18.3:2309-2344	18.3	True	2.35	14.4 Gluconeogenesis | 18.3 Pathways of Amino Acid Degradation	7-9-1	Glukoneogenéze z aminokyselin
7	7.10	Enzymatic cleavage of glycosides and oligosaccharides — glycosidases	170-172	3	3	14.2,7.5	6	2.0	14.2:522-525; 7.5:258-259	14.2:1907-1919; 7.5:1007-1010	14.2	True	1.22	14.2 Feeder Pathways for Glycolysis | 7.5 Working with Carbohydrates	7-10-1,7-10-2,7-10-3	Enzymové štěpení glykosidů a oligosacharidů — glykosidasy
7	7.11.1	Hydrolytic cleavage — alpha- and beta-amylases	172-173	2	2	14.2	4	2.0	14.2:522-525	14.2:1907-1919	14.2	True	5.48	14.2 Feeder Pathways for Glycolysis	7-11-1-1,7-11-1-2	Hydrolytické štěpení — α- a β-amylasy
7	7.11.2	Phosphorolysis of starch and glycogen — general mechanism	173-174	2	2	15.2	7	3.5	15.2:558-564	15.2:2036-2055	15.3	False	1.13	15.2 Breakdown and Synthesis of Glycogen	7-11-2-1,7-11-2-2	Fosforolýza škrobu a glykogenu — obecný mechanismus
7	7.12	Biosynthesis of polysaccharides — glycogen synthase and the branching enzyme	174-175	2	2	15.2,20.6	15	7.5	15.2:558-564; 20.6:732-739	15.2:2036-2055; 20.6:2603-2626	15.3	False	2.7	15.2 Breakdown and Synthesis of Glycogen | 20.6 Biosynthesis of Starch, Sucrose, and Cellulose	7-12-1,7-12-2	Biosyntéza polysacharidů — glykogensynthasa a větvící enzym
8	8.1	Definition and classification	176	1	1	10.1	7	7.0	10.1:340-346	10.1:1287-1298	21.2	False	1.7	10.1 Storage Lipids	8-1	Definice a klasifikace
8	8.2.1	Fatty acids — definition, classification, natural occurrence (Tab. 8.2)	177-178	2	2	10.1	7	3.5	10.1:340-346	10.1:1287-1298	10.1	True	1.12	10.1 Storage Lipids	8-2-1-1,8-2-1-2	Mastné kyseliny — definice, klasifikace, přirozený výskyt (tab. 8.2)
8	8.2.2	Simple lipids — Neutral acylglycerols	178-179	2	2	10.1	7	3.5	10.1:340-346	10.1:1287-1298	10.1	True	1.3	10.1 Storage Lipids	8-2-2-1,8-2-2-2	Jednoduché lipidy — Neutrální acylglyceroly
8	8.2.3	Complex lipids — Glycoacylglycerols (introduction)	179-182	4	4	10.2	8	2.0	10.2:346-353	10.2:1299-1321	10.2	True	1.55	10.2 Structural Lipids in Membranes	8-2-3,8-2-3-2,8-2-3-3,8-2-3-4	Složené lipidy — Glykoacylglyceroly (úvod)
8	8.2.4	Derived lipids — terpenes (isoprenoids): characteristics and classification	182-187	6	6	10.3,21.4	26	4.3	10.3:353-360; 21.4:772-789	10.3:1322-1342; 21.4:2734-2774	21.4	True	1.7	10.3 Lipids as Signals, Cofactors, and Pigments | 21.4 Cholesterol, Steroids, and Isoprenoids: Biosynthesis, Regulation, and Transport	8-2-4-1,8-2-4-2,8-2-4-3,8-2-4-4,8-2-4-5,8-2-4-6	Odvozené lipidy — terpeny (isoprenoidy): charakteristika a klasifikace
8	8.3	Lipid biosynthesis — Fatty acids: subcellular compartmentalization, the source of acetyl-CoA, and malonyl-CoA formation	187-193	7	9	21.1,21.2,21.3,21.4	46	6.6	21.1:745-760; 21.2:760-763; 21.3:764-771; 21.4:772-789	21.1:2649-2696; 21.2:2697-2713; 21.3:2714-2733; 21.4:2734-2774	21.1	True	1.29	21.1 Biosynthesis of Fatty Acids and Eicosanoids | 21.2 Biosynthesis of Triacylglycerols | 21.3 Biosynthesis of Membrane Phospholipids | 21.4 Cholesterol, Steroids, and Isoprenoids: Biosynthesis, Regulation, and Transport	8-3-1,8-3-2,8-3-3,8-3-4,8-3-5,8-3-6,8-3-7,8-3-8,8-3-9	Biosyntéza lipidů — Mastné kyseliny: subcelulární lokalizace, zdroj acetyl-CoA a vznik malonyl-CoA
8	8.4.1	Simple lipids	193	1	1	17.1	4	4.0	17.1:603-606	17.1:2183-2197	10.1	False	1.35	17.1 Digestion, Mobilization, and Transport of Fats	8-4-1	Jednoduché lipidy
8	8.4.2	Complex lipids — phospholipids and phospholipases	193-194	2	2	10.4,21.3	11	5.5	10.4:361-363; 21.3:764-771	10.4:1343-1354; 21.3:2714-2733	21.3	True	1.06	10.4 Working with Lipids | 21.3 Biosynthesis of Membrane Phospholipids	8-4-2-1,8-4-2-2	Složené lipidy — fosfolipidy a fosfolipasy
8	8.4.3	Derived lipids	194	1	1	21.4	18	18.0	21.4:772-789	21.4:2734-2774	21.4	True	1.47	21.4 Cholesterol, Steroids, and Isoprenoids: Biosynthesis, Regulation, and Transport	8-4-3	Odvozené lipidy
8	8.4.4	Fatty acids — activation	194-197	4	4	17.1,17.2,17.3	19	4.8	17.1:603-606; 17.2:607-618; 17.3:618-620	17.1:2183-2197; 17.2:2198-2240; 17.3:2241-2249	17.2	True	1.41	17.1 Digestion, Mobilization, and Transport of Fats | 17.2 Oxidation of Fatty Acids | 17.3 Ketone Bodies	8-4-4-1,8-4-4-2,8-4-4-3,8-4-4-4	Mastné kyseliny — aktivace
8	8.5	Biological membranes (introduction)	197-198	2	1	11.1	10	5.0	11.1:367-376	11.1:1370-1402	10.3	False	1.46	11.1 The Composition and Architecture of Membranes	8-5	Biologické membrány (úvod)
8	8.5.1	Chemical composition	198	1	1	11.1	10	10.0	11.1:367-376	11.1:1370-1402	11.1	True		11.1 The Composition and Architecture of Membranes	8-5-1	Chemické složení
8	8.5.2	Structure — the lipid bilayer	198-200	3	3	11.1,11.2	18	6.0	11.1:367-376; 11.2:377-384	11.1:1370-1402; 11.2:1403-1431	11.1	True	4.69	11.1 The Composition and Architecture of Membranes | 11.2 Membrane Dynamics	8-5-2-1,8-5-2-2,8-5-2-3	Struktura — lipidová dvojvrstva
8	8.5.3	Membrane transport — passive transport, simple diffusion	200-201	2	3	11.3	19	9.5	11.3:385-403	11.3:1432-1495	11.3	True	6.26	11.3 Solute Transport across Membranes	8-5-3-1,8-5-3-2,8-5-3-3	Membránový transport — pasivní transport, prostá difúze
9	9	Photoautotrophy — the five metabolisms specific to autotrophs	202	1	1	20.1	7	7.0	20.1:701-707	20.1:2498-2519				20.1 Light Absorption	9-1	Fotoautotrofie — pět specifických metabolismů
9	9.1	Basic processes of photosynthesis — the general equation, thylakoid, chloroplast	202-204	3	3	20.1	7	2.3	20.1:701-707	20.1:2498-2519	20.4	False	1.15	20.1 Light Absorption	9-2,9-3,9-4	Základní děje fotosyntézy — obecná rovnice, thylakoid, chloroplast
9	9.1.1	The three categories of photosynthetic pigment	204-206	3	4	20.1	7	2.3	20.1:701-707	20.1:2498-2519	20.2	False	1.15	20.1 Light Absorption	9-5,9-6,9-7,9-8	Tři kategorie fotosyntetických pigmentů
9	9.1.2	Other components of the thylakoid membranes	206	1	1	20.2	9	9.0	20.2:708-716	20.2:2520-2546	20.2	True	3.47	20.2 Photochemical Reaction Centers	9-9	Další složky thylakoidních membrán
9	9.1.3	The reaction centre, and the legend to Obr. 9.5	206-209	4	5	20.2,20.3	13	3.2	20.2:708-716; 20.3:716-719	20.2:2520-2546; 20.3:2547-2559	20.2	True	3.71	20.2 Photochemical Reaction Centers | 20.3 Evolution of a Universal Mechanism for ATP Synthesis	9-10,9-11,9-12,9-13,9-14	Reakční centrum a legenda k obr. 9.5
9	9.1.4	Photosynthetic CO₂ fixation — why 'dark phase' is a bad term	209-212	4	5	20.4	9	2.2	20.4:719-727	20.4:2560-2583	20.5	False	1.62	20.4 CO[2]-Assimilation Reactions	9-15,9-16,9-17,9-18,9-19	Fotosyntetická fixace CO₂ — proč „temná fáze" je špatný termín
9	9.2	Photorespiration — three enzymes, three compartments	212-213	2	1	20.5	6	3.0	20.5:727-732	20.5:2584-2602	20.5	True	3.89	20.5 Photorespiration and the C[4] and CAM Pathways	9-20	Fotorespirace — tři enzymy, tři kompartmenty
9	9.3	C-4 plants — the Hatch–Slack cycle	212-214	2	2	20.5	6	3.0	20.5:727-732	20.5:2584-2602	20.5	True	2.22	20.5 Photorespiration and the C[4] and CAM Pathways	9-21,9-22	Rostliny C-4 — Hatchův-Slackův cyklus
9	9.4	Fixation of atmospheric nitrogen — nitrogenase	214-216	3	4	22.1	10	3.3	22.1:795-804	22.1:2794-2828	22.1	True	7.58	22.1 Overview of Nitrogen Metabolism	9-23,9-24,9-25,9-26	Fixace atmosférického dusíku — nitrogenasa
9	9.5	Secondary plant metabolites	216-217	2	1	21.4,22.3	27	13.5	21.4:772-789; 22.3:816-824	21.4:2734-2774; 22.3:2863-2883	22.3	True	1.25	21.4 Cholesterol, Steroids, and Isoprenoids: Biosynthesis, Regulation, and Transport | 22.3 Molecules Derived from Amino Acids	9-27	Sekundární rostlinné metabolity
10	10.1	Intermediary metabolism — catabolism, anabolism and the four functions	218-219	2	5	13.2,23.2	18	9.0	13.2:472-478; 23.2:848-858	13.2:1728-1753; 23.2:2967-3005	17.2	False	1.11	13.2 Chemical Logic and Common Biochemical Reactions | 23.2 Tissue-Specific Metabolism	10-1,10-2,10-3,10-4,10-5	Intermediární metabolismus — katabolismus, anabolismus a čtyři funkce
10	10.1.1	Carbohydrate metabolism — degradation	219	1	2	14.1,15.2	18	18.0	14.1:511-521; 15.2:558-564	14.1:1871-1906; 15.2:2036-2055	14.5	False	1.18	14.1 Glycolysis | 15.2 Breakdown and Synthesis of Glycogen	10-6,10-7	Metabolismus sacharidů — odbourávání
10	10.1.2	Lipid metabolism — degradation and ketone bodies	220	1	2	17.2,17.3	15	15.0	17.2:607-618; 17.3:618-620	17.2:2198-2240; 17.3:2241-2249	17.3	True	1.4	17.2 Oxidation of Fatty Acids | 17.3 Ketone Bodies	10-8,10-9	Metabolismus lipidů — odbourávání a ketolátky
10	10.1.3	The relation of carbohydrate and lipid metabolism — why fats cannot make sugars	220	1	1	23.2,16.3	14	14.0	23.2:848-858; 16.3:590-592	23.2:2967-3005; 16.3:2134-2142	20.6	False	1.22	23.2 Tissue-Specific Metabolism | 16.3 The Hub of Intermediary Metabolism	10-10	Vztah metabolismu sacharidů a lipidů — proč z tuků nevzniknou cukry
10	10.1.4	The citrate cycle and respiratory chain — energetics and biosynthesis	220-221	2	1	16.3	3	1.5	16.3:590-592	16.3:2134-2142	16.3	True	1.92	16.3 The Hub of Intermediary Metabolism	10-11	Citrátový cyklus a respirační řetězec — energetika i biosyntéza
10	10.2	Regulatory mechanisms — why, and at what levels	221-222	2	5	13.5,6.5	18	9.0	13.5:497-503; 6.5:213-223	13.5:1821-1837; 6.5:853-886	28.3	False	1.06	13.5 Regulation of Metabolic Pathways | 6.5 Regulatory Enzymes	10-12,10-13,10-14,10-15,10-16	Regulační mechanismy — proč a na jakých úrovních
10	10.3	Hormones — definition, the gland hierarchy, and hormonal receptors	222-228	7	10	23.1,23.3,12.7	17	2.4	23.1:842-848; 23.3:859-867; 12.7:446-446	23.1:2945-2966; 23.3:3006-3029; 12.7:1633-1637	23.1	True	1.63	23.1 Hormone Structure and Action | 23.3 Hormonal Regulation of Fuel Metabolism | 12.7 Regulation of Transcription by Nuclear Hormone Receptors	10-17,10-18,10-19,10-20,10-21,10-22,10-23,10-24,10-25,10-26	Hormony — definice, hierarchie žláz a hormonální receptory
